RA,DEC
17:46:06.1260,-33:36:41.540
17:46:05.2600,-33:34:36.680
17:45:57.5830,-33:36:36.040
17:44:58.4360,-33:26:52.840
17:49:30.0830,-33:23:45.830
17:49:44.6260,-33:40:49.500
17:47:34.8250,-33:41:14.210
17:46:02.3720,-34:00:46.140
17:47:22.0790,-34:02:59.020
17:46:55.2450,-34:02:55.500
17:46:51.7980,-33:55:36.210
17:45:44.8120,-33:45:00.890
17:45:08.9980,-33:48:23.850
17:46:39.5890,-33:44:47.910
17:47:25.7800,-33:44:42.860
17:45:18.8190,-34:17:10.140
17:46:54.7280,-34:18:19.480
17:45:25.1700,-34:13:43.370
17:46:37.5840,-34:06:20.400
17:45:53.7170,-34:11:04.650
17:44:51.5090,-34:39:27.160
17:46:50.4490,-34:42:32.560
17:44:42.5880,-34:33:15.570
17:46:56.7850,-34:29:36.860
17:44:45.4450,-35:05:33.730
17:45:35.5330,-34:59:10.700
17:46:38.1520,-35:01:11.900
17:47:23.9150,-34:59:53.910
17:50:37.5250,-34:51:32.510
17:50:28.6700,-34:55:08.310
17:49:32.7750,-34:47:37.730
17:49:31.0750,-34:48:47.840
17:47:39.2450,-34:49:23.030
17:49:30.4770,-35:00:31.840
17:49:56.8900,-34:25:56.580
17:49:37.6420,-34:26:30.940
17:50:39.2940,-34:36:31.130
17:48:18.8220,-34:40:37.530
17:48:21.7110,-34:37:10.010
17:49:53.3910,-34:10:57.330
17:49:04.5310,-34:08:13.030
17:47:46.3220,-34:11:09.120
17:50:36.0830,-34:16:43.160
17:48:27.1950,-33:44:22.260
17:48:08.1450,-33:49:52.810
17:48:54.8520,-33:56:52.090
17:49:19.6290,-34:02:38.260
17:49:46.4540,-34:01:21.080
17:49:11.0580,-33:53:37.200
17:48:01.2410,-34:02:32.520
18:01:52.6620,-26:55:01.870
18:02:09.9200,-26:47:53.930
17:57:45.3260,-27:02:59.410
17:59:04.7080,-27:07:05.920
17:58:47.4930,-27:02:30.090
17:58:49.9820,-27:32:08.820
17:58:30.7440,-27:22:09.580
17:59:51.9370,-27:27:06.760
17:59:52.1260,-27:27:05.180
17:59:52.0040,-27:27:05.610
17:57:41.1640,-27:53:33.460
17:59:51.2420,-28:00:08.780
17:59:24.5270,-27:51:09.830
17:58:23.9010,-27:45:34.090
17:58:36.2070,-27:44:24.710
17:58:58.6830,-27:48:29.380
17:59:53.4620,-28:19:31.500
17:58:16.9440,-28:02:09.180
18:02:33.3640,-28:05:39.380
18:01:59.1390,-28:09:05.920
18:01:59.9850,-28:05:06.250
18:00:53.4180,-28:09:47.230
18:00:34.2210,-28:09:31.380
18:00:08.7590,-28:08:03.350
18:01:03.6750,-28:11:54.280
18:01:30.2570,-28:11:34.930
18:01:43.8740,-27:45:43.700
18:01:42.2370,-27:50:04.390
18:02:27.2940,-27:53:58.600
18:01:24.7850,-27:57:52.940
18:00:33.7320,-27:07:22.630
18:00:04.7910,-27:15:09.370
18:00:42.3820,-27:12:50.020
18:03:17.1100,-32:03:37.610
18:03:26.2770,-32:00:39.280
18:05:25.2940,-31:54:04.010
18:07:51.0960,-31:57:46.980
18:06:31.0040,-32:00:50.990
18:06:20.0390,-31:54:18.840
18:08:31.9170,-32:08:37.040
18:06:35.7010,-32:07:04.470
18:05:43.6710,-32:27:31.020
18:05:45.0060,-32:28:21.010
18:04:20.1810,-32:13:34.280
18:03:45.6110,-32:16:33.700
18:04:51.6970,-32:14:56.960
18:04:43.3380,-32:18:02.870
18:05:32.4900,-32:20:40.070
18:03:02.8940,-32:48:32.090
18:04:43.0110,-32:46:39.060
18:03:50.8010,-32:38:06.390
18:04:50.2540,-32:40:26.840
18:04:35.0040,-32:35:16.070
18:05:52.9060,-32:37:07.730
18:05:27.9160,-32:37:28.650
18:05:15.7320,-32:40:01.440
18:05:50.5720,-32:37:51.190
18:02:56.0190,-33:09:02.970
18:04:33.8840,-33:10:33.360
18:04:41.3700,-33:11:54.240
18:02:52.7180,-33:00:00.920
18:04:19.1670,-33:00:34.640
18:05:01.1490,-32:57:43.050
18:05:41.2840,-33:03:51.670
18:05:17.6550,-32:57:02.130
18:05:06.1570,-33:35:01.460
18:02:54.8550,-33:24:44.920
18:05:06.0360,-33:17:35.540
18:07:54.2400,-33:21:30.090
18:07:27.3590,-33:22:03.540
18:06:40.5630,-33:17:53.880
18:06:50.3910,-33:17:28.780
18:07:32.3040,-33:31:18.000
18:09:08.4460,-32:58:19.010
18:07:55.0700,-33:01:47.270
18:08:01.2040,-33:02:39.070
18:06:30.2930,-33:00:23.380
18:06:32.5750,-33:02:21.580
18:06:48.2060,-33:01:11.820
18:09:06.9510,-33:05:51.600
18:08:19.9450,-33:11:46.650
18:08:09.8100,-33:14:16.930
18:07:05.5500,-33:11:51.540
18:08:42.0810,-32:37:29.010
18:06:39.6570,-32:37:54.740
18:08:48.0420,-32:17:05.030
18:08:25.6930,-32:19:25.640
18:08:19.1260,-32:24:06.080
18:06:12.4080,-32:31:58.450
18:04:31.0930,-30:11:05.420
18:07:47.0420,-30:10:35.490
18:04:38.5060,-30:43:03.140
18:03:36.3110,-31:06:34.090
18:04:56.5190,-31:00:24.240
18:05:15.0710,-31:00:59.560
18:03:30.8170,-30:55:47.330
18:05:41.8030,-30:57:18.280
18:05:22.1920,-30:53:38.490
18:05:43.8450,-31:23:36.130
18:04:46.6380,-31:44:00.750
18:04:22.5680,-31:35:44.740
18:08:58.2490,-31:32:38.520
18:07:42.0900,-31:39:14.200
18:08:40.4840,-31:42:11.190
18:07:22.4980,-31:43:25.820
18:07:50.9550,-31:13:18.740
18:07:24.9010,-31:19:30.790
18:07:08.1910,-31:26:05.340
18:07:31.3260,-31:27:25.040
18:08:09.3470,-30:56:20.720
18:08:43.0080,-31:02:40.140
18:08:13.0330,-31:04:22.040
18:07:24.9270,-30:59:54.330
18:07:21.3790,-31:08:27.380
18:09:05.0520,-30:29:14.410
18:08:01.9090,-30:32:51.120
18:08:28.0430,-30:42:13.210
18:09:05.9940,-30:46:33.140
18:08:53.7690,-30:43:42.600
18:07:27.3120,-30:39:14.660
18:03:52.6580,-28:36:07.130
18:04:00.1440,-28:31:55.560
18:06:22.9880,-28:31:38.930
18:08:57.8140,-28:40:13.210
18:08:17.0340,-28:39:37.320
18:06:19.6060,-28:40:48.790
18:05:36.5960,-28:57:03.780
18:05:49.6100,-28:57:20.320
18:03:09.9250,-28:45:18.400
18:04:45.0940,-28:45:33.040
18:05:32.4810,-28:50:57.660
18:05:50.3950,-28:51:45.120
18:03:06.3910,-29:19:48.860
18:05:04.7150,-29:15:46.230
18:04:48.0790,-29:23:14.510
18:03:38.3690,-29:13:44.560
18:03:28.6680,-29:08:10.110
18:03:08.1020,-29:10:18.190
18:04:50.9680,-29:07:29.740
18:04:56.2830,-29:13:21.450
18:04:33.7570,-29:04:38.910
18:05:26.0190,-29:07:17.230
18:05:01.2510,-29:40:20.420
18:05:20.3380,-29:43:54.500
18:04:26.5770,-29:32:14.810
18:05:23.5610,-29:33:32.340
18:05:52.8660,-29:29:04.890
18:05:36.9180,-29:34:20.850
18:04:14.9030,-30:00:02.090
18:05:35.4060,-29:57:49.730
18:03:21.7550,-29:54:48.340
18:03:52.0530,-29:48:15.940
18:05:18.9450,-29:53:38.880
18:08:26.2400,-29:53:07.530
18:08:48.1470,-29:51:18.460
18:07:32.7890,-29:49:27.030
18:06:31.1610,-29:50:09.290
18:06:47.0580,-29:48:26.990
18:07:11.7360,-29:59:35.790
18:06:11.5030,-29:59:11.010
18:09:02.7250,-29:42:19.070
18:09:00.2440,-29:39:48.210
18:07:49.4050,-29:41:19.890
18:07:13.8060,-29:35:47.750
18:06:40.2930,-29:45:21.420
18:08:43.9690,-29:06:51.560
18:08:00.7000,-29:04:40.960
18:07:45.1340,-29:22:19.310
18:06:17.6620,-29:18:29.250
18:07:59.5340,-28:49:39.240
18:06:58.3100,-28:46:53.760
18:06:35.2110,-28:48:32.840
18:06:22.3930,-28:48:33.840
18:06:10.5470,-28:46:55.440
18:08:57.5720,-28:55:37.470
18:07:20.1500,-29:00:03.650
18:07:19.4230,-28:57:14.980
18:04:30.5530,-26:53:07.750
18:05:08.1490,-26:50:13.890
18:05:27.4530,-26:54:52.320
18:07:18.6810,-26:46:07.050
18:08:35.8230,-26:48:52.320
18:08:33.0440,-26:54:37.840
18:06:16.9550,-26:49:37.390
18:04:30.4960,-27:12:46.050
18:05:34.7140,-27:14:03.920
18:04:18.4830,-27:07:09.940
18:04:46.0110,-26:58:37.010
18:05:31.8510,-27:01:04.280
18:03:28.3820,-27:31:53.590
18:03:57.8520,-27:31:37.160
18:04:16.8610,-27:32:38.330
18:05:07.6850,-27:30:07.270
18:05:30.4720,-27:33:37.210
18:05:16.0840,-27:33:57.420
18:03:45.6230,-27:26:24.220
18:04:23.2850,-27:28:04.510
18:04:09.0940,-27:26:40.450
18:04:16.3790,-27:20:38.530
18:04:54.4310,-27:24:03.180
18:05:12.6790,-27:28:09.860
18:05:59.9150,-27:25:57.250
18:05:44.6540,-27:28:14.710
18:05:38.4880,-27:23:36.400
18:05:20.6430,-27:26:30.530
18:03:35.3160,-27:58:44.700
18:04:55.8040,-27:56:12.110
18:03:27.8680,-27:47:39.130
18:03:30.7560,-27:46:29.320
18:03:30.7430,-27:47:51.860
18:04:16.8900,-27:48:09.950
18:05:45.1570,-27:48:24.200
18:03:30.5840,-28:17:21.020
18:03:30.4970,-28:14:28.160
18:03:51.9290,-28:12:30.810
18:04:50.1220,-28:15:45.160
18:04:50.3990,-28:14:09.900
18:04:48.4590,-28:11:59.780
18:03:32.5350,-28:06:43.180
18:03:13.4950,-28:01:54.880
18:03:24.6240,-28:05:43.180
18:03:57.4580,-28:09:18.220
18:04:43.5580,-28:09:05.570
18:05:05.9170,-28:03:20.620
18:05:46.3510,-28:07:03.710
18:08:42.6190,-28:05:18.360
18:09:01.2780,-28:05:47.350
18:06:13.5240,-28:08:19.770
18:06:13.7030,-28:10:54.890
18:08:06.2730,-28:20:28.550
18:08:08.1950,-28:11:58.350
18:06:47.9330,-28:20:54.420
18:07:53.4670,-27:46:52.130
18:06:55.4430,-27:45:50.710
18:06:08.3300,-27:45:22.570
18:06:16.1290,-27:47:17.220
18:06:39.1000,-27:42:45.660
18:08:44.7900,-27:51:13.730
18:06:35.1210,-27:53:31.170
18:06:16.1190,-27:58:36.350
18:08:32.1700,-27:23:08.490
18:08:37.9800,-27:29:09.680
18:07:51.4180,-27:27:46.990
18:07:43.9690,-27:26:12.660
18:06:54.3160,-27:28:14.710
18:07:18.2330,-27:20:33.540
18:08:27.6950,-27:39:20.020
18:08:58.5760,-27:32:18.440
18:08:33.4750,-27:30:44.120
18:08:01.1790,-27:31:16.750
18:07:57.1830,-27:33:28.730
18:07:51.8900,-27:34:55.700
18:06:43.4020,-27:37:11.960
18:06:36.5390,-27:29:46.730
18:08:26.3640,-27:02:14.170
18:08:42.8950,-27:03:24.220
18:08:31.0490,-27:01:53.230
18:08:34.9550,-26:59:38.410
18:07:56.2540,-27:07:53.040
18:07:17.3400,-27:01:21.850
18:06:44.8180,-27:02:39.920
18:08:04.1730,-27:14:29.120
18:07:01.6560,-27:12:32.700
18:06:08.6400,-27:08:56.780
18:03:47.4860,-24:54:55.660
18:07:33.7510,-24:59:23.480
18:06:34.5640,-25:01:28.410
18:08:34.1980,-25:02:53.190
18:07:33.5900,-25:04:23.330
18:05:08.0760,-25:28:54.740
18:04:57.9530,-25:27:56.090
18:05:36.1010,-25:18:35.120
18:05:56.2220,-25:40:51.810
18:05:22.4460,-25:37:38.110
18:05:55.8070,-25:41:44.390
18:03:06.2660,-25:57:50.610
18:04:16.7830,-26:04:22.540
18:04:34.0740,-26:01:59.950
18:05:43.9420,-26:01:20.590
18:04:13.2370,-26:27:53.540
18:05:27.1270,-26:28:16.680
18:08:48.0450,-26:24:45.850
18:06:12.6070,-26:22:55.210
18:08:32.4860,-26:35:00.020
18:08:36.6380,-26:30:13.010
18:08:34.8430,-26:29:22.840
18:06:27.9040,-26:29:41.060
18:08:46.2110,-25:58:57.090
18:08:07.9270,-26:13:14.250
18:08:09.0770,-26:13:24.860
18:06:39.7920,-26:13:19.690
18:08:52.2550,-25:41:13.230
18:07:45.4180,-25:37:07.870
18:07:54.6630,-25:40:00.150
18:07:06.0790,-25:42:47.940
18:08:03.6360,-25:47:00.990
18:07:44.7150,-25:49:50.720
18:08:05.5130,-25:51:25.340
18:07:17.7770,-25:52:57.230
18:08:30.2320,-25:21:49.270
18:07:41.4180,-25:23:09.300
18:08:01.9590,-25:19:32.080
18:11:10.8910,-28:38:18.370
18:11:01.9060,-28:32:28.090
18:11:34.7940,-28:40:14.050
18:10:36.3530,-28:32:12.710
18:13:29.0460,-28:29:40.500
18:12:17.9460,-28:26:50.070
18:13:15.7230,-28:35:54.490
18:12:07.5600,-28:38:40.130
18:09:25.7510,-28:58:11.370
18:09:34.0840,-28:56:04.520
18:10:49.4210,-28:53:37.460
18:11:09.0430,-28:53:41.640
18:11:24.8310,-29:02:26.070
18:09:38.9910,-28:46:33.240
18:11:27.7690,-28:49:19.520
18:11:27.5940,-28:47:26.300
18:10:00.2740,-29:24:09.020
18:10:47.8310,-29:23:23.210
18:10:45.2270,-29:19:50.420
18:09:00.1210,-29:10:49.660
18:11:49.1940,-29:14:26.670
18:11:38.5970,-29:05:50.940
18:09:02.6060,-29:42:18.890
18:09:00.2060,-29:39:48.220
18:09:30.3090,-29:37:00.830
18:11:08.9810,-29:43:09.180
18:10:57.6420,-29:41:06.980
18:10:17.5080,-29:29:35.910
18:11:42.9940,-29:34:41.100
18:09:38.0290,-30:05:18.480
18:09:29.6010,-29:57:07.840
18:10:50.2380,-30:00:08.930
18:09:13.8340,-29:47:36.560
18:09:12.0260,-29:54:25.550
18:09:20.7060,-29:55:48.730
18:13:19.3340,-29:49:26.690
18:12:13.1160,-29:53:38.390
18:12:44.1040,-29:49:12.510
18:12:31.6150,-29:57:27.560
18:12:29.2910,-30:04:47.720
18:14:17.5890,-29:27:43.770
18:13:55.6700,-29:30:37.160
18:13:50.4350,-29:29:47.720
18:12:56.0090,-29:28:18.360
18:12:44.0810,-29:33:38.560
18:14:54.4440,-29:36:15.910
18:14:06.0150,-29:45:26.640
18:12:50.9690,-29:35:48.370
18:12:59.1780,-29:35:44.720
18:13:24.6840,-29:39:41.170
18:12:38.5640,-29:45:27.350
18:12:46.8270,-29:40:14.880
18:12:07.7660,-29:44:09.530
18:14:17.0370,-29:11:26.120
18:12:06.1940,-29:13:26.330
18:14:42.9050,-29:22:37.500
18:13:37.6840,-29:15:22.560
18:13:40.4410,-29:24:03.860
18:12:31.9240,-29:23:06.880
18:12:29.2000,-29:19:31.730
18:14:52.8610,-28:48:46.330
18:14:40.1300,-28:54:06.230
18:14:59.5570,-29:02:37.780
18:14:51.5260,-28:57:33.060
18:13:07.3790,-28:58:45.380
18:13:33.7750,-29:03:04.650
18:09:41.8500,-26:53:54.600
18:09:50.1800,-26:49:50.020
18:14:43.5120,-26:45:22.980
18:12:21.9050,-26:42:11.320
18:14:49.3010,-26:49:16.450
18:14:06.8620,-26:48:00.530
18:10:06.6190,-27:11:43.040
18:09:57.7310,-27:17:24.950
18:10:50.1270,-27:10:36.790
18:10:30.6670,-27:09:03.330
18:11:22.6400,-27:11:45.500
18:10:02.6870,-27:06:10.720
18:10:09.8140,-27:33:47.040
18:10:09.4300,-27:32:55.060
18:09:55.6870,-27:33:18.740
18:10:48.0760,-27:36:24.340
18:10:36.3870,-27:35:36.340
18:11:26.7460,-27:36:51.280
18:09:28.1310,-27:28:32.200
18:09:33.2670,-27:20:21.840
18:09:26.7210,-27:28:38.400
18:11:10.3510,-27:27:49.160
18:11:09.0790,-27:21:30.640
18:10:49.3370,-27:25:29.720
18:10:14.3400,-27:53:47.100
18:10:23.9360,-27:51:55.760
18:10:39.8660,-27:52:55.890
18:10:44.2820,-27:53:48.870
18:11:08.0390,-27:58:00.230
18:11:23.4900,-27:57:25.270
18:11:40.6860,-27:50:41.610
18:11:58.7980,-27:45:57.800
18:11:52.8900,-27:45:34.470
18:09:53.6790,-28:18:56.590
18:11:31.7750,-28:20:35.240
18:09:38.2010,-28:02:54.250
18:10:16.6730,-28:08:49.520
18:10:06.7040,-28:04:08.960
18:11:53.4420,-28:09:47.800
18:11:16.7230,-28:03:35.660
18:14:47.2390,-28:08:43.040
18:13:56.4030,-28:04:49.560
18:13:12.7910,-28:07:06.830
18:12:39.5820,-28:07:11.410
18:12:38.0840,-28:06:25.690
18:14:21.7880,-28:17:37.020
18:14:50.6000,-28:13:23.900
18:13:48.1000,-28:17:19.610
18:12:06.5220,-28:13:16.580
18:12:09.8280,-28:11:53.470
18:13:47.4960,-27:44:41.270
18:13:50.6040,-27:42:21.520
18:14:00.8400,-27:48:26.140
18:14:08.2600,-27:48:01.610
18:13:21.8330,-27:48:35.390
18:14:36.0590,-27:57:00.920
18:14:59.5610,-27:54:41.460
18:13:59.2030,-27:55:55.440
18:13:49.2290,-27:57:41.210
18:12:54.7970,-27:56:49.700
18:13:17.2180,-27:54:37.230
18:12:21.4980,-27:55:42.010
18:12:11.6280,-27:56:53.710
18:14:55.2660,-27:21:12.060
18:14:42.1190,-27:26:03.530
18:12:25.3570,-27:22:12.130
18:12:09.3080,-27:23:32.650
18:14:26.9670,-27:36:49.770
18:14:42.3770,-27:30:33.490
18:13:57.2600,-27:37:04.470
18:13:15.0140,-27:36:18.610
18:12:24.6170,-27:38:58.350
18:12:10.2880,-27:31:30.810
18:12:11.6640,-27:32:56.580
18:12:39.3600,-27:30:27.710
18:12:39.7640,-27:00:36.580
18:13:48.7690,-27:17:34.340
18:14:00.5770,-27:14:40.460
18:12:25.6830,-27:08:27.040
18:12:23.2340,-27:12:29.940
18:12:44.1300,-27:12:54.160
18:11:01.7450,-24:55:21.270
18:09:07.4770,-25:47:16.650
18:09:12.2000,-25:49:17.890
18:10:32.1340,-25:53:09.830
18:11:39.3230,-25:48:34.570
18:11:38.4410,-25:44:44.260
18:10:59.9280,-25:41:21.760
18:10:39.3650,-25:34:41.940
18:11:02.3640,-25:34:42.690
18:11:57.7990,-25:39:53.140
18:09:27.3220,-26:05:35.400
18:10:08.8220,-26:14:14.750
18:10:44.4360,-26:09:01.170
18:10:50.7400,-26:04:09.180
18:10:08.8910,-25:57:37.870
18:10:13.8220,-26:03:33.460
18:10:56.7430,-25:56:27.210
18:09:31.4690,-26:18:25.410
18:10:37.4120,-26:19:59.080
18:10:52.7930,-26:19:57.260
18:11:14.7550,-26:20:19.530
18:14:42.6350,-26:22:10.070
18:13:05.4620,-26:18:02.720
18:13:58.7450,-26:34:53.540
18:12:31.5380,-26:31:34.880
18:12:31.3680,-26:35:54.510
18:14:50.6590,-25:58:28.870
18:14:22.5100,-26:01:19.050
18:13:24.4540,-25:58:30.520
18:12:31.8130,-25:55:48.460
18:14:57.1960,-26:13:53.610
18:14:03.7580,-26:06:23.650
18:14:17.2490,-26:09:18.680
18:13:59.8600,-26:08:41.800
18:12:20.9460,-26:14:01.680
18:12:23.5570,-26:12:43.450
18:13:28.3800,-25:36:02.570
18:14:37.1150,-25:53:30.100
18:13:32.0410,-25:44:32.410
18:12:13.8570,-25:52:15.150
18:13:33.8440,-25:16:24.260
18:13:45.2630,-25:29:35.870
18:12:34.9280,-25:23:28.150
18:17:24.8560,-24:50:29.560
18:20:11.0150,-24:49:44.040
18:18:15.8140,-24:55:31.860
18:16:15.9720,-25:11:40.840
18:17:17.6590,-25:15:35.320
18:15:57.8230,-25:03:27.570
18:16:35.4930,-25:03:57.470
18:17:56.4660,-24:58:28.590
18:16:07.4540,-25:31:35.950
18:16:52.5070,-25:39:06.180
18:17:12.6240,-25:39:28.500
18:16:37.5510,-25:30:55.230
18:17:54.2960,-25:34:33.660
18:15:36.1700,-25:19:34.950
18:16:05.8160,-25:26:52.590
18:16:16.2060,-25:20:17.360
18:16:12.7440,-25:26:51.320
18:15:51.8450,-25:22:27.410
18:16:44.8170,-25:21:24.090
18:16:03.6570,-25:59:26.770
18:16:48.5970,-25:52:06.520
18:16:46.6430,-25:57:47.890
18:15:16.5710,-26:03:30.430
18:15:30.1540,-26:08:43.970
18:17:23.1550,-26:04:45.970
18:17:43.3230,-26:09:31.770
18:17:38.5960,-26:04:54.960
18:20:57.8430,-26:04:29.530
18:20:59.8320,-26:07:30.800
18:18:51.5250,-26:07:31.200
18:18:52.3520,-26:02:09.330
18:18:10.2410,-26:04:51.520
18:19:52.4290,-26:18:03.840
18:19:32.7090,-25:43:39.960
18:19:11.4010,-25:45:57.400
18:20:41.2570,-25:56:38.430
18:19:47.6150,-25:56:17.670
18:19:48.2870,-25:23:41.990
18:20:00.4120,-25:39:02.620
18:19:12.3930,-25:35:34.070
18:18:03.9760,-25:30:39.950
18:18:45.0040,-25:38:34.880
18:20:21.0900,-25:06:20.400
18:20:05.4630,-25:02:44.230
18:19:21.2660,-24:58:57.140
18:19:22.2990,-25:05:12.450
18:20:53.5860,-25:15:15.840
18:18:36.4910,-25:16:37.000
17:51:29.5050,-33:52:22.400
17:51:00.9120,-33:47:34.580
17:53:07.1690,-33:51:04.720
17:52:36.5460,-33:52:23.790
17:53:20.9780,-33:48:11.160
17:53:37.9520,-33:50:48.820
17:52:00.4150,-33:39:56.250
17:55:36.2510,-33:40:46.430
17:55:14.3380,-33:40:37.520
17:54:40.3870,-33:40:49.030
17:54:06.9630,-33:39:41.060
17:57:00.6720,-33:52:13.810
17:56:03.5080,-33:53:23.840
17:56:17.3510,-33:50:09.590
17:55:29.3960,-33:54:10.030
17:54:19.3730,-33:55:13.220
17:54:06.5070,-33:47:48.500
17:50:59.8790,-34:09:25.020
17:51:34.7330,-34:16:17.320
17:51:34.2090,-34:16:42.340
17:52:16.0110,-34:16:53.880
17:53:07.0920,-34:08:37.920
17:53:36.0510,-34:08:37.660
17:53:52.4660,-34:11:43.490
17:53:58.9380,-34:15:22.930
17:53:50.1050,-34:09:21.490
17:50:55.6310,-33:58:58.280
17:51:19.0890,-33:59:33.990
17:51:14.9550,-34:02:42.460
17:53:29.9910,-34:03:04.080
17:53:24.9100,-34:05:45.050
17:53:27.1610,-34:07:39.750
17:51:12.8890,-34:30:44.490
17:52:05.6620,-34:39:02.380
17:53:06.4970,-34:30:42.850
17:52:28.2460,-34:32:31.450
17:53:57.4090,-34:32:20.180
17:53:25.7510,-34:23:03.840
17:53:22.7190,-34:26:53.940
17:51:29.4450,-34:57:50.640
17:51:49.5440,-34:50:55.250
17:52:44.3590,-34:59:21.810
17:53:11.1560,-34:58:05.870
17:53:10.8560,-34:57:14.810
17:53:11.7440,-34:57:57.540
17:53:17.2530,-34:56:02.710
17:52:17.7530,-34:42:35.190
17:51:56.9590,-34:42:59.650
17:52:30.1090,-34:45:59.100
17:51:45.5580,-35:16:45.750
17:52:04.9440,-35:16:32.070
17:51:59.5520,-35:12:09.330
17:52:12.9560,-35:16:44.640
17:53:10.3210,-35:18:33.650
17:53:24.5950,-35:12:15.280
17:50:57.6810,-35:08:36.770
17:51:22.0400,-35:05:39.300
17:52:38.4310,-35:08:48.940
17:53:03.5720,-35:06:02.140
17:53:47.1480,-35:10:25.160
17:53:12.9410,-35:02:10.590
17:53:13.1340,-35:08:59.770
17:53:45.9630,-35:04:40.140
17:53:48.5350,-35:10:25.090
17:53:54.4550,-35:05:54.070
17:53:37.9730,-35:03:27.950
17:57:15.9280,-35:02:23.900
17:55:56.6570,-35:09:23.450
17:55:37.3370,-35:04:21.350
17:54:15.0090,-35:08:15.810
17:56:43.4500,-35:15:40.480
17:56:13.1040,-35:19:49.380
17:55:32.3580,-35:11:50.060
17:56:45.2830,-34:45:40.470
17:55:49.0130,-34:50:23.800
17:56:12.0570,-34:50:24.620
17:56:21.1410,-34:44:11.980
17:55:58.7050,-34:47:24.750
17:56:07.0950,-34:41:13.770
17:54:39.0430,-34:47:41.820
17:56:44.7250,-34:53:39.360
17:56:48.5190,-34:51:10.050
17:57:13.4770,-34:59:22.640
17:56:48.5240,-34:50:48.740
17:55:12.8510,-34:54:28.570
17:55:32.1310,-34:58:35.710
17:55:00.4130,-34:57:11.660
17:54:53.6090,-34:53:03.800
17:55:35.7540,-34:52:27.580
17:55:09.6660,-34:55:59.640
17:54:54.9170,-34:58:29.190
17:55:21.9910,-34:58:23.450
17:54:08.3470,-34:52:25.480
17:54:25.3160,-35:00:35.710
17:54:17.4430,-34:56:59.230
17:57:16.9150,-34:25:21.040
17:56:36.6740,-34:25:19.730
17:56:31.8790,-34:24:37.770
17:57:15.7010,-34:20:37.470
17:56:12.8630,-34:28:10.420
17:55:37.0920,-34:27:33.180
17:54:49.0390,-34:21:08.920
17:56:20.3820,-34:33:14.020
17:55:54.6920,-34:33:50.760
17:56:27.7680,-34:32:46.090
17:56:05.4850,-34:32:33.570
17:55:52.0730,-34:34:06.040
17:56:15.2320,-34:34:44.920
17:55:33.4520,-34:36:40.610
17:54:58.3190,-34:37:06.120
17:55:00.4500,-34:37:36.200
17:54:54.7120,-34:36:12.380
17:54:16.8630,-34:29:45.120
17:54:32.1830,-34:38:50.720
17:54:08.8870,-34:30:07.310
17:54:23.8180,-34:34:13.230
17:54:34.3960,-34:35:25.700
17:56:59.1940,-34:01:22.710
17:55:47.7210,-34:07:32.090
17:56:13.2080,-34:04:25.260
17:56:14.6500,-34:08:01.090
17:56:02.3530,-34:07:13.550
17:55:18.2180,-34:03:58.350
17:57:08.3440,-34:17:08.010
17:56:56.2400,-34:13:18.330
17:56:44.7520,-34:09:03.120
17:56:08.7110,-34:14:56.460
17:55:21.6540,-34:14:46.920
17:55:24.1890,-34:08:29.830
17:54:42.1980,-34:12:21.260
17:54:11.6120,-34:11:11.380
17:54:39.4830,-34:17:07.000
17:54:47.2360,-34:12:28.130
18:17:12.8390,-23:11:58.170
18:15:46.9380,-22:58:48.580
18:20:23.8250,-23:10:27.760
18:15:41.2150,-23:23:23.750
18:15:19.4840,-23:30:48.310
18:17:04.7300,-23:29:21.010
18:17:43.2060,-23:29:21.200
18:16:47.3240,-23:14:46.270
18:17:54.8620,-23:14:12.890
18:17:34.0720,-23:14:47.470
18:17:31.4200,-23:53:03.460
18:16:27.6090,-23:41:28.790
18:16:50.0440,-23:37:01.660
18:17:30.5780,-23:38:11.290
18:17:29.6620,-23:36:54.480
18:16:05.1270,-24:09:52.130
18:17:49.0980,-24:06:29.370
18:17:58.2120,-24:15:10.810
18:17:32.1850,-23:57:54.540
18:17:46.4500,-24:03:07.930
18:16:46.7480,-24:33:14.360
18:15:23.8880,-24:17:09.100
18:15:36.7070,-24:22:40.170
18:19:16.8550,-24:18:28.360
18:19:07.4570,-24:16:53.820
18:19:34.5860,-24:01:49.140
18:19:38.7390,-24:14:39.910
18:19:42.5500,-24:12:08.340
18:19:09.8620,-24:06:12.040
18:19:30.4620,-24:08:11.260
18:19:52.9340,-23:35:56.100
18:19:51.2420,-23:38:44.580
18:18:04.3030,-23:20:10.890
18:19:48.0730,-23:28:08.770
18:19:43.7860,-23:30:13.540
18:15:14.1340,-21:22:58.310
18:16:07.6210,-21:24:07.900
18:15:45.7600,-21:47:03.820
18:15:29.2510,-21:34:38.860
18:15:35.1630,-21:58:37.340
18:16:11.3530,-22:30:15.480
18:17:28.5800,-22:25:50.270
18:15:39.5690,-22:13:00.420
18:19:59.1680,-22:13:48.420
18:20:10.9650,-22:13:22.740
18:20:36.4780,-22:24:27.190
18:19:57.6360,-22:30:29.210
18:20:26.9340,-21:53:42.180
18:20:33.8860,-21:58:41.140
18:20:44.5400,-21:55:02.220
18:19:37.8790,-21:50:40.670
18:20:38.7220,-22:06:13.290
18:35:49.6780,-23:05:19.640
18:38:07.9790,-23:20:39.140
18:36:06.8890,-23:37:44.590
18:33:44.0590,-23:25:09.860
18:36:02.6760,-23:55:25.300
18:33:49.7560,-23:51:46.620
18:35:26.4900,-24:20:19.230
18:34:09.2350,-24:10:23.820
18:35:42.7110,-24:14:05.560
18:33:43.0120,-24:35:07.940
18:34:16.5130,-24:32:30.300
18:38:14.3850,-24:38:00.360
18:36:48.3260,-24:37:57.520
18:39:00.6400,-24:20:21.870
18:38:35.7840,-24:15:06.420
18:38:37.8230,-24:18:21.850
18:36:35.5000,-23:27:05.300
18:38:09.5350,-23:33:59.440
17:51:21.0400,-32:03:18.090
17:51:32.5070,-32:09:07.570
17:51:01.8860,-32:01:30.330
17:53:30.6250,-31:58:18.900
17:54:08.8120,-31:58:08.810
17:56:04.9850,-32:03:00.380
17:55:23.5100,-32:09:45.910
17:54:38.8540,-32:03:56.360
17:52:53.0680,-32:27:51.430
17:53:27.4590,-32:27:49.350
17:51:57.0080,-32:19:16.320
17:52:47.1600,-32:14:53.320
17:51:35.4020,-32:52:33.510
17:53:26.1150,-32:46:11.220
17:50:53.9130,-32:37:20.530
17:51:06.4600,-32:41:06.100
17:52:55.1930,-32:42:10.560
17:53:53.0890,-32:38:38.260
17:51:06.5850,-33:11:36.620
17:51:06.2520,-33:06:29.010
17:51:39.8580,-33:10:25.340
17:51:51.1840,-33:13:48.260
17:52:04.0010,-33:12:00.220
17:52:54.2440,-33:09:11.480
17:52:51.9260,-33:09:59.960
17:51:30.6570,-33:01:32.670
17:52:45.6520,-33:03:38.520
17:53:19.4170,-32:56:26.470
17:51:00.5660,-33:26:32.610
17:50:59.9310,-33:33:37.860
17:51:28.3920,-33:34:04.560
17:53:49.1510,-33:32:07.730
17:51:07.0580,-33:22:06.580
17:51:59.5440,-33:23:24.430
17:52:40.3870,-33:20:34.300
17:53:46.1680,-33:25:24.710
17:56:48.5430,-33:21:06.980
17:57:01.1720,-33:25:15.970
17:56:01.4290,-33:20:25.890
17:55:09.7390,-33:21:34.720
17:55:08.3100,-33:33:13.800
17:56:36.3840,-33:04:02.070
17:54:59.1870,-33:01:41.620
17:55:14.2190,-33:01:02.200
17:54:24.2860,-32:57:53.730
17:56:31.3850,-33:05:49.880
17:56:53.9610,-32:38:00.350
17:55:56.3990,-32:36:05.410
17:55:30.7860,-32:37:21.650
17:56:34.3510,-32:49:29.670
17:56:34.8410,-32:49:44.790
17:55:51.8010,-32:45:37.760
17:55:39.6600,-32:47:46.980
17:55:10.6620,-32:51:30.960
17:55:14.8270,-32:54:18.720
17:55:18.9720,-32:53:39.770
17:57:00.7920,-32:16:08.660
17:56:22.4870,-32:22:46.500
17:56:22.6330,-32:22:47.360
17:54:27.2230,-32:14:56.700
17:54:32.5430,-32:14:54.990
17:54:37.1540,-32:14:14.730
17:54:32.0790,-32:19:28.910
17:56:33.0280,-32:25:26.490
17:56:05.4710,-32:28:54.940
17:51:49.8400,-30:18:43.020
17:52:05.5520,-30:19:31.620
17:52:05.4710,-30:19:31.120
17:52:31.5770,-30:22:21.450
17:52:54.0890,-30:18:37.250
17:53:40.0470,-30:20:50.270
17:53:52.6250,-30:13:11.090
17:53:54.0660,-30:15:51.830
17:56:03.3120,-30:14:18.190
17:54:51.0200,-30:10:19.250
17:54:23.5720,-30:14:41.400
17:55:28.2880,-30:26:49.000
17:55:34.4220,-30:17:30.550
17:51:26.3720,-30:38:40.000
17:51:25.3810,-30:42:53.140
17:51:38.9910,-30:43:31.450
17:52:13.4640,-30:43:58.350
17:52:25.9620,-30:48:06.710
17:52:31.2730,-30:42:12.250
17:53:38.9870,-30:47:25.880
17:51:13.6190,-30:37:26.060
17:53:04.9070,-30:38:03.650
17:53:29.0070,-30:36:37.270
17:51:35.4110,-31:05:23.150
17:51:12.8940,-31:08:10.240
17:52:33.0000,-31:06:57.610
17:52:37.9040,-31:03:48.510
17:53:06.1210,-30:53:51.000
17:53:07.4530,-30:56:55.870
17:53:45.2490,-30:55:47.790
17:53:14.1380,-30:50:11.620
17:53:48.8910,-30:53:08.220
17:51:27.7960,-31:25:34.110
17:51:37.5610,-31:28:02.280
17:52:16.8350,-31:29:25.880
17:51:43.8390,-31:26:10.350
17:52:07.8080,-31:27:54.210
17:52:55.9650,-31:27:56.730
17:53:59.5000,-31:28:44.390
17:53:16.3210,-31:23:28.990
17:53:26.4280,-31:27:42.040
17:51:31.9960,-31:15:32.030
17:51:55.7810,-31:14:14.140
17:51:45.8530,-31:15:41.170
17:52:18.8070,-31:41:49.600
17:52:35.5480,-31:50:21.390
17:53:30.3930,-31:49:25.850
17:53:37.5080,-31:35:04.360
17:57:01.9730,-31:37:56.020
17:56:32.3220,-31:40:25.290
17:55:37.7420,-31:37:08.110
17:56:00.0860,-31:37:04.430
17:54:54.5590,-31:37:09.790
17:55:30.7840,-31:34:49.440
17:55:12.1810,-31:31:57.040
17:54:24.7840,-31:33:43.520
17:57:03.3870,-31:41:32.030
17:56:01.9350,-31:43:13.410
17:56:03.2260,-31:47:36.000
17:56:59.2740,-31:14:30.840
17:56:46.9800,-31:19:22.460
17:55:47.4410,-31:15:31.320
17:55:13.1000,-31:15:30.740
17:55:10.0180,-31:16:13.940
17:55:25.2100,-31:14:46.290
17:55:01.7620,-31:13:42.180
17:55:32.4000,-31:18:34.190
17:56:52.7100,-31:26:34.880
17:55:17.0360,-31:23:11.610
17:55:10.0370,-31:27:28.340
17:54:33.3360,-31:21:42.370
17:56:52.8390,-30:56:06.840
17:56:29.0490,-30:51:19.210
17:56:14.5120,-30:58:50.680
17:56:20.8220,-30:50:12.950
17:56:18.9350,-30:51:41.970
17:55:56.3010,-30:51:17.190
17:55:21.8790,-30:58:33.090
17:55:21.1380,-30:54:59.250
17:56:29.0830,-30:59:53.210
17:55:25.4080,-31:01:12.400
17:55:34.5440,-31:01:02.710
17:54:13.0000,-31:06:06.220
17:55:49.4870,-30:31:41.970
17:57:01.5490,-30:39:00.440
17:55:52.7820,-30:38:43.420
17:55:26.7320,-30:40:36.310
17:54:13.9970,-30:47:57.770
17:54:46.6430,-30:39:08.810
17:54:29.0610,-30:39:55.100
17:54:27.7430,-30:44:18.740
17:52:11.5370,-28:35:59.110
17:52:03.7410,-28:33:50.560
17:52:24.5300,-28:33:48.100
17:53:28.4840,-28:35:44.470
17:53:39.0100,-28:36:57.950
17:52:17.6480,-28:27:41.170
17:52:38.9900,-28:31:53.430
17:55:49.5420,-28:24:54.630
17:55:49.6330,-28:24:52.020
17:55:57.4830,-28:23:48.770
17:55:49.6070,-28:24:53.400
17:55:09.2960,-28:29:17.280
17:55:09.8750,-28:26:21.790
17:54:33.7200,-28:30:05.260
17:56:50.5930,-28:36:12.150
17:56:54.5540,-28:39:15.130
17:56:18.5790,-28:42:04.250
17:55:33.6180,-28:34:35.500
17:51:02.9200,-28:59:21.810
17:51:15.8510,-29:01:53.730
17:50:58.1450,-28:56:07.420
17:52:09.3740,-28:56:18.300
17:52:06.4210,-29:01:37.330
17:52:54.3370,-28:57:43.400
17:52:40.2630,-28:59:01.370
17:51:50.4620,-28:44:09.800
17:51:52.6930,-28:44:52.890
17:52:22.0990,-28:51:18.170
17:53:17.7270,-28:44:39.750
17:53:47.7160,-28:46:34.070
17:53:15.3700,-28:53:18.390
17:51:26.2320,-29:23:08.190
17:51:31.3390,-29:21:43.190
17:51:01.1120,-29:14:39.150
17:52:14.7370,-29:15:49.940
17:52:40.1680,-29:20:57.560
17:53:01.7610,-29:14:30.310
17:53:18.6850,-29:17:17.410
17:53:22.0960,-29:21:24.240
17:50:59.0680,-29:12:22.550
17:51:50.1370,-29:06:45.850
17:53:44.3630,-29:08:19.130
17:53:27.5320,-29:09:13.040
17:51:20.3890,-29:43:44.390
17:51:57.6060,-29:37:32.480
17:52:03.2810,-29:36:02.900
17:52:13.8300,-29:40:59.300
17:52:30.9950,-29:39:00.880
17:53:54.7530,-29:40:43.870
17:53:29.2760,-29:41:41.170
17:53:25.9210,-29:43:47.450
17:51:03.5080,-29:32:27.830
17:52:12.8930,-29:26:07.110
17:53:04.6480,-29:29:47.910
17:52:44.0240,-29:31:00.950
17:52:54.4340,-29:32:05.900
17:53:17.5320,-29:33:08.690
17:53:40.6000,-29:33:18.990
17:51:01.9970,-30:01:27.170
17:51:56.4480,-29:58:37.490
17:52:51.5180,-30:02:29.430
17:53:35.6550,-30:03:15.340
17:51:00.4670,-29:54:35.050
17:52:24.8180,-29:52:58.040
17:52:57.4940,-29:53:27.520
17:52:43.9320,-29:48:42.980
17:53:05.7520,-29:53:16.200
17:53:41.1810,-29:56:34.710
17:56:45.9950,-29:51:01.920
17:56:02.4680,-29:47:52.200
17:55:53.8000,-29:51:40.590
17:54:55.7190,-29:53:51.000
17:55:25.5620,-29:49:08.170
17:55:26.8180,-29:54:50.820
17:54:55.6700,-29:53:53.960
17:54:40.2230,-29:48:12.720
17:54:44.3700,-29:53:47.530
17:54:28.6700,-29:51:18.900
17:54:16.1430,-29:49:46.870
17:56:59.2380,-29:59:08.160
17:56:58.6270,-30:05:29.880
17:55:47.5370,-30:00:05.790
17:56:10.3820,-30:04:37.300
17:54:31.8770,-30:05:22.140
17:56:56.9040,-29:27:35.950
17:56:56.7910,-29:27:36.480
17:56:55.0150,-29:31:55.210
17:56:31.5620,-29:33:51.160
17:55:38.4550,-29:34:43.340
17:54:55.0830,-29:32:59.040
17:55:33.8720,-29:28:37.910
17:56:22.6160,-29:43:39.100
17:55:43.5240,-29:42:29.330
17:56:20.7760,-29:38:25.600
17:55:53.8180,-29:38:25.920
17:55:41.9510,-29:40:34.790
17:56:18.5920,-29:42:53.160
17:55:24.4260,-29:39:12.180
17:55:16.5940,-29:36:54.000
17:55:01.5950,-29:38:40.600
17:54:40.8200,-29:42:01.920
17:54:41.9190,-29:42:16.380
17:56:29.1690,-29:12:47.360
17:55:57.1150,-29:13:35.520
17:55:49.2710,-29:06:25.810
17:56:02.8080,-29:06:19.160
17:56:19.9540,-29:12:37.120
17:55:27.6780,-29:07:26.320
17:54:13.8310,-29:06:08.980
17:54:34.4140,-29:13:11.660
17:54:18.6000,-29:04:41.420
17:55:50.3690,-29:20:18.330
17:55:45.3200,-29:21:58.610
17:55:54.9460,-29:21:02.700
17:55:02.0960,-29:17:02.960
17:55:06.0070,-29:20:32.460
17:55:15.8100,-29:22:02.500
17:55:34.8020,-29:16:59.700
17:54:39.0430,-29:23:19.580
17:55:39.7210,-28:50:46.240
17:55:18.8170,-28:52:32.040
17:56:41.5040,-28:57:13.290
17:56:48.5870,-28:55:55.580
17:55:55.2760,-29:00:00.380
17:55:27.3910,-28:55:36.710
17:54:50.1910,-29:00:33.310
17:54:28.5630,-29:02:16.190
17:52:46.6070,-26:52:49.120
17:51:09.6460,-27:09:57.990
17:53:02.9310,-28:12:19.260
17:55:42.8150,-28:18:09.130
17:56:07.2710,-27:48:47.560
17:55:32.3880,-27:37:15.600
17:54:51.0630,-27:09:02.290
17:55:59.5400,-27:16:19.180
17:57:37.9060,-32:06:19.130
18:02:19.3420,-31:55:33.890
18:00:46.4690,-31:55:02.860
18:01:43.4720,-32:08:34.850
17:59:10.2270,-32:35:40.130
17:57:41.2410,-33:06:00.860
17:57:38.8570,-33:02:43.120
17:58:49.1320,-33:01:40.880
17:57:48.1210,-33:35:39.820
17:59:25.7720,-33:33:04.720
17:59:40.1760,-33:34:06.400
18:02:54.9500,-33:24:44.490
18:02:21.7470,-33:21:27.740
18:02:12.9490,-33:23:02.510
18:00:23.5090,-33:23:47.370
18:02:52.7560,-33:00:00.890
18:01:45.9650,-33:00:54.260
18:01:33.9260,-33:01:44.960
18:00:18.6710,-32:57:49.000
18:02:56.0320,-33:09:02.980
18:00:30.0870,-33:13:54.590
18:00:36.0070,-32:43:31.000
18:03:02.9050,-32:48:32.020
18:02:22.2690,-32:52:54.580
18:01:44.3310,-32:48:03.710
18:01:22.9310,-32:48:30.170
18:01:09.9790,-32:52:56.680
18:02:30.4210,-32:20:39.680
18:02:18.3350,-32:31:25.270
18:01:49.2530,-32:26:00.480
18:00:11.7690,-32:29:17.080
17:58:51.0210,-30:20:13.220
17:57:52.9920,-30:14:12.420
17:59:45.8540,-30:17:09.630
18:02:14.8560,-30:11:02.150
18:02:24.7140,-30:25:00.450
18:01:51.9570,-30:18:46.990
18:00:16.1970,-30:26:40.500
17:57:27.2400,-30:45:16.910
17:59:00.2920,-30:37:41.650
17:59:15.1320,-30:33:18.460
17:57:52.0540,-31:05:10.540
17:58:11.0990,-31:00:06.130
17:58:34.6020,-30:59:15.130
17:59:15.9470,-30:55:59.100
17:59:59.5890,-31:26:15.370
17:57:36.3580,-31:17:30.260
17:57:46.5730,-31:14:28.540
17:58:44.9710,-31:17:04.440
17:58:42.5690,-31:42:36.900
17:57:29.0210,-31:38:52.720
17:57:29.3960,-31:37:11.070
17:59:22.8540,-31:40:34.420
18:00:42.9110,-31:45:12.570
18:01:59.4820,-31:10:55.720
18:00:34.2770,-31:19:19.190
18:00:12.8050,-31:15:53.220
18:01:55.0380,-31:30:03.120
18:01:08.8600,-30:56:02.760
18:00:15.7350,-30:50:34.810
18:02:46.5540,-30:37:02.650
18:01:29.5160,-30:28:41.140
18:00:22.0060,-30:36:02.420
17:57:30.1810,-28:32:49.790
17:58:32.0720,-28:35:09.670
17:59:10.3280,-28:38:19.120
17:59:21.0310,-28:38:41.870
17:59:26.1830,-28:41:32.280
17:58:08.2760,-28:27:50.710
17:57:50.9970,-28:28:11.800
17:58:40.5650,-28:29:35.430
18:02:32.2880,-28:28:21.340
18:02:17.3770,-28:32:29.100
18:02:42.0640,-28:41:20.060
18:02:46.6320,-28:35:23.980
18:02:56.6570,-28:38:25.890
18:02:02.9080,-28:40:07.560
18:01:30.3920,-28:36:48.230
18:01:14.8240,-28:36:23.880
18:00:40.0670,-28:37:38.490
17:57:10.1750,-28:59:17.860
17:57:11.5900,-28:54:12.340
17:57:39.2610,-28:55:21.710
17:58:30.3320,-29:00:09.340
17:58:30.4750,-28:55:32.840
17:58:31.8640,-28:58:30.780
17:58:43.1060,-28:43:54.580
17:58:42.1290,-28:52:20.760
17:58:41.6940,-28:51:59.270
17:58:12.4990,-29:21:46.130
17:58:53.5460,-29:18:59.680
17:59:41.7920,-29:22:25.350
17:57:52.7050,-29:13:03.300
17:58:46.2430,-29:06:54.470
17:58:44.6590,-29:11:00.150
17:58:54.3770,-29:07:18.620
17:57:08.3670,-29:44:06.660
17:57:31.8320,-29:43:13.390
17:57:56.6710,-29:41:52.770
17:58:05.1280,-29:38:02.190
17:58:52.5570,-29:37:16.670
17:57:35.9860,-29:32:09.610
17:57:49.2420,-29:31:21.000
17:58:25.0400,-29:30:51.700
17:58:12.3730,-29:32:03.400
17:58:30.2180,-29:28:43.150
17:59:15.0230,-29:28:22.280
17:59:51.6550,-29:26:24.830
17:59:49.9570,-29:31:54.990
17:56:58.2160,-30:05:29.180
17:57:18.3800,-30:00:37.560
17:59:12.1130,-29:59:20.880
17:58:39.8810,-30:04:33.110
17:58:42.8460,-30:01:06.090
17:59:42.4490,-30:02:01.770
17:59:15.6290,-30:00:35.180
17:58:43.6900,-29:48:57.090
17:59:07.5420,-29:49:58.470
17:58:58.2970,-29:51:09.220
17:59:17.5170,-29:50:25.160
17:59:40.8140,-29:50:15.550
18:02:54.2160,-29:48:53.970
18:02:23.6910,-29:47:24.300
18:02:34.2800,-29:48:01.930
18:01:47.7050,-29:53:41.050
18:01:59.7600,-29:52:48.900
18:02:13.6220,-29:52:00.790
18:01:42.7830,-29:54:03.260
18:01:00.7720,-29:48:47.660
18:01:55.3450,-29:59:15.850
18:01:23.7300,-30:00:52.110
18:00:51.5830,-29:56:53.060
18:00:28.8810,-29:57:47.360
18:00:42.1540,-30:02:04.960
18:00:26.8910,-29:58:54.160
18:02:27.4010,-29:30:00.380
18:02:50.9520,-29:33:16.710
18:02:15.5620,-29:28:54.820
18:02:18.5140,-29:30:19.960
18:01:54.6350,-29:33:03.080
18:01:10.1230,-29:30:11.000
18:00:33.1600,-29:34:23.050
18:00:27.5890,-29:34:52.090
18:02:49.0390,-29:37:59.110
18:02:41.8600,-29:43:51.190
18:02:53.9790,-29:37:14.230
18:02:52.8750,-29:36:08.530
18:01:02.8230,-29:36:02.450
18:01:19.8900,-29:38:50.680
18:00:32.2280,-29:42:43.530
18:02:17.7060,-29:10:52.530
18:01:51.5440,-29:08:04.650
18:02:20.6920,-29:13:46.650
18:02:12.8020,-29:08:47.240
18:01:41.3780,-29:04:45.320
18:01:24.6620,-29:11:18.950
18:01:23.7880,-29:12:44.810
18:00:11.1810,-29:09:38.730
18:03:06.4580,-29:19:49.050
18:02:29.9070,-29:22:39.610
18:01:54.6580,-29:17:21.610
18:02:20.1480,-29:17:45.980
18:00:57.4970,-29:22:05.310
18:00:19.0260,-29:17:57.990
18:01:04.5450,-28:52:31.570
18:01:33.9380,-28:49:43.120
18:00:54.5990,-28:49:24.900
18:01:17.6200,-28:47:43.930
18:00:07.1650,-28:52:28.990
18:02:55.2450,-28:56:12.980
18:02:44.2560,-29:00:46.540
18:02:12.3960,-29:01:59.080
18:01:39.6910,-29:01:18.380
18:02:17.5920,-29:01:20.540
18:00:50.3850,-28:58:45.710
18:01:34.4940,-28:54:25.900
18:01:23.2370,-28:56:30.130
18:01:18.7720,-28:59:53.230
18:00:39.1930,-28:56:00.090
